keyword,avg_monthly_searches,competition_index,cpc_low,cpc_high
flexible sales jobs,70,LOW,0.85,2.78
entry level sales jobs,4400,LOW,0.41,4.2
sell products online jobs,50,MEDIUM,1.05,2.56
remote sales positions,18100,LOW,0.67,2.86
part time sales jobs,2400,LOW,0.242584,3.2
affiliate sales jobs,10,LOW,0.0,0.0
work from home sales jobs,2900,LOW,0.38,2.48
independent sales representative jobs,390,LOW,0.87,3.57
social media sales jobs,10,LOW,0.0,0.0
remote sales jobs,18100,LOW,0.67,2.86
remote sales rep,880,LOW,0.64697,4.46
entry level pharmaceutical sales jobs,1600,LOW,0.64,6.06
remote sales representative,880,LOW,0.64697,4.46
sales jobs from home,1000,LOW,0.22,2.17
entry level medical sales jobs,1600,LOW,0.48,7.63
independent sales rep jobs,390,LOW,0.87,3.57
entry level tech sales jobs,720,LOW,0.65,4.28
remote sales jobs near me,720,LOW,0.54,2.52
remote sales closer,260,LOW,0.46,3.36
best remote sales jobs,590,MEDIUM,0.71,2.55
work from home sales,2900,LOW,0.38,2.48
part time sales jobs near me,880,LOW,0.15,2.02
remote insurance sales jobs,320,MEDIUM,0.74,3.33
remote sales representative jobs,480,LOW,0.44,2.63
entry level medical device sales,590,LOW,0.58,7.62
entry level sales,1000,LOW,0.39,4.07
remote sales jobs no experience,590,MEDIUM,0.43,2.33
entry level sales jobs near me,720,LOW,0.3,3.92
remote sales rep jobs,480,LOW,0.44,2.63
tech sales entry level,880,LOW,0.86,4.49
part time sales,720,LOW,0.19,7.376778
sales jobs no experience,880,LOW,0.28,2.539399
medical sales entry level,880,LOW,0.49,8.1
best entry level sales jobs,590,LOW,0.29,4.09
medicare sales jobs remote,210,LOW,0.57,5.9
best sales jobs with no experience,480,LOW,0.28,3.315
independent sales reps for hire,70,MEDIUM,3.92,20.12
part time remote sales jobs,590,LOW,0.69,2.32
work from home selling products,90,MEDIUM,1.25,3.96
software sales jobs remote,590,LOW,0.54,2.7
entry level remote sales jobs,260,LOW,0.72,3.06
companies looking for independent sales reps,10,MEDIUM,1.61,6.15
high ticket sales jobs from home,140,LOW,0.55,2.83
become a sales rep from home,70,MEDIUM,0.92,4.1
tech sales no experience,260,LOW,0.55,3.29
entry level saas sales jobs,140,LOW,0.91,6.01
online sales jobs from home,170,LOW,0.55,3.025266
tech sales jobs entry level,210,LOW,0.83,5.29
remote tech sales jobs entry level,90,LOW,0.56,1.99
online sales jobs no experience,90,LOW,0.6,2.468326
remote medical sales jobs,390,LOW,0.67,4.04
remote inside sales jobs,880,LOW,0.46,2.18
best sales jobs from home,170,LOW,0.35,2.57
entry level pharmaceutical sales,720,LOW,0.74,7.81
remote medicare sales jobs,110,LOW,0.5,5.54
remote sales closer jobs,140,LOW,0.27,2.069999
remote life insurance sales jobs,40,MEDIUM,1.07,3.47
sales representative jobs remote,170,LOW,0.37,3.11
remote sales manager jobs,320,LOW,0.73,3.3
1099 sales jobs remote,140,LOW,0.77,2.95
entry level sales representative,1300,LOW,0.73,4.92
wfh sales jobs,170,LOW,0.38,2.75
remote inbound sales jobs,140,LOW,0.68,2.83
remote insurance sales,170,MEDIUM,0.94,5.77
sales representative remote jobs,170,LOW,0.45,3.03
hire remote sales,10,HIGH,0.0,0.0
fully remote sales jobs,140,LOW,0.86,2.92
part time sales jobs remote,260,LOW,0.53,2.4
entry level medical device sales jobs,390,LOW,0.47,6.425
entry level tech sales jobs remote,140,LOW,0.77,2.39
entry level sales jobs remote,210,LOW,0.66,2.76
work from home sales rep,260,LOW,0.7,3.38
non sales remote jobs,260,MEDIUM,0.259999,1.863943
work from home sales jobs no experience,90,LOW,0.519999,2.19
insurance sales jobs remote,90,LOW,0.519999,3.23
high paying remote sales jobs,210,LOW,0.68,1.88
remote inside sales representative,140,LOW,0.85,4.07
work from home selling insurance,40,MEDIUM,1.07,4.67
sales jobs no experience near me,170,LOW,0.25,2.74
sales jobs remote full time,70,LOW,0.67,2.27
remote high ticket sales jobs,140,LOW,0.23,2.43
medical sales remote jobs,140,LOW,0.51,5.48
online sales jobs remote,70,LOW,0.75,2.97
tech sales jobs no experience,90,LOW,0.38,2.87
selling jobs from home,50,MEDIUM,0.857849,2.264818
part time sales assistant,30,LOW,0.0,0.0
sales representative work from home,260,LOW,0.7,3.38
in home sales jobs,210,LOW,0.27,3.34
remote part time sales jobs,590,LOW,0.69,2.32
high paying sales jobs remote,70,LOW,0.59,1.7
beginner sales jobs,4400,LOW,0.41,4.2
insurance sales remote,70,MEDIUM,0.77,3.25
remote entry level sales jobs,170,LOW,0.75,3.11
part time insurance sales,110,LOW,0.97,3.91
online selling jobs from home,10,MEDIUM,1.15,3.13
online sales jobs work from home,50,LOW,0.54,2.744159
sales development representative remote jobs,90,LOW,0.58,2.79
part time sales jobs from home,110,LOW,0.17,1.65
sales representative jobs from home,90,LOW,0.3,2.0
entry level software sales jobs,260,LOW,0.35,4.47
sales jobs near me no experience,110,LOW,0.31,2.45
part time sales associate,2400,LOW,0.24,3.24
entry level software sales,210,LOW,0.3,5.5
part time car salesman,390,LOW,0.129999,1.41
work from home insurance sales,70,MEDIUM,0.4,4.179999
best work from home sales jobs,90,LOW,0.48,2.079999
entry level sales engineer,260,LOW,0.95,4.39
entry level medical sales jobs near me,90,LOW,0.67,8.12
amazon sales associate,70,LOW,0.82,5.62
best sales jobs for beginners,140,LOW,0.225,4.27
part time life insurance sales,30,MEDIUM,1.19,4.11
phone sales jobs from home,50,MEDIUM,0.38,2.53
remote sales engineer jobs,320,LOW,0.33,3.08
sales rep jobs from home,90,LOW,0.3,2.0
sell insurance from home jobs,20,MEDIUM,0.555,4.95
part time sales person,70,LOW,0.25,21.5
entry level sales positions,4400,LOW,0.41,4.2
remote inside sales,260,LOW,0.519999,2.98
tech sales entry level jobs,70,LOW,0.7,4.06
work from home sales jobs near me,30,LOW,0.18,3.79
remote sales roles,70,LOW,0.61,2.91
online sales representative jobs from home,20,MEDIUM,0.99,2.51
salesman jobs no experience,880,LOW,0.28,2.539399
entry level sales engineer jobs,210,LOW,0.54,3.17
remote phone sales jobs,70,LOW,0.33,2.01
sales manager remote jobs,70,LOW,0.37,2.44
remote sales manager,110,LOW,0.58,6.23
remote sales careers,18100,LOW,0.67,2.86
remote commission sales jobs,50,LOW,0.51,3.29
medical sales jobs no experience,90,LOW,0.51,5.4
remote sales jobs hiring,70,LOW,0.773333,3.39
work from home commission sales jobs,20,LOW,1.24,2.78
inside sales representative remote,140,LOW,0.75,3.09
entry level sdr jobs,90,LOW,0.85,5.45
highest paying remote sales jobs,210,LOW,0.68,1.88
entry level pharma sales,70,LOW,0.59,4.46
part time medical sales jobs,110,LOW,0.76,7.15
non sales work from home jobs,110,MEDIUM,0.28,1.66
remote pharmaceutical sales jobs,210,LOW,0.75,3.67
best part time sales jobs,140,LOW,0.17,2.16
remote medical device sales jobs,90,LOW,0.73,3.36
part time sales representative,140,LOW,0.54,3.87
entry level b2b sales,90,LOW,1.45,7.34
online sales rep work from home,10,UNSPECIFIED,0.0,0.0
no experience sales jobs near me,50,LOW,0.25,3.0
remote sales jobs entry level,140,LOW,0.39,2.26
remote selling jobs,40,LOW,0.59,1.86
medical sales no experience,50,LOW,0.4,5.94
sales development representative remote entry level,20,LOW,1.11,3.33
top remote sales jobs,70,LOW,0.95,2.76
sales manager jobs remote,90,LOW,0.44,3.485
part time online sales jobs,110,LOW,0.74,1.84
part time solar sales,90,LOW,0.17,2.39
entry level remote sales,90,LOW,0.66,2.62
remote sales jobs part time,170,LOW,0.6,2.05
sell insurance part time,90,MEDIUM,1.25,3.6
home based sales jobs,40,LOW,0.27,1.71
work from home jobs no sales,140,MEDIUM,0.28,1.76
medical sales jobs remote,140,LOW,0.77,4.01
part time remote sales,110,LOW,0.4,2.431307
remote software sales,110,LOW,0.4,2.96
medical sales rep jobs entry level,1600,LOW,0.48,7.63
remote medical sales jobs entry level,70,LOW,0.63,3.84
part time car sales jobs,260,LOW,0.129999,1.275
sales representative remote,140,LOW,0.77,3.73
part time pharmaceutical sales,140,LOW,0.21,2.33
online remote sales jobs,70,MEDIUM,0.76,3.35
best entry level tech sales jobs,30,LOW,1.47,3.81
part time medicare sales jobs,20,LOW,0.41,4.67
at home sales jobs near me,10,LOW,0.0,0.0
remote sales agent,50,LOW,0.519999,3.59
entry level saas jobs,70,LOW,0.92,4.52
work from home selling products online,20,MEDIUM,1.93,4.45957
insurance sales jobs from home,30,LOW,0.36,2.089999
entry sales jobs near me,110,LOW,0.16,3.05
part time sales associate jobs near me,260,LOW,0.29,1.48
sales positions remote,70,LOW,0.39,2.47
pharmaceutical sales rep entry level jobs,720,LOW,0.74,7.81
tech sales remote entry level,40,LOW,0.28,2.31
work from home insurance sales jobs,50,LOW,1.03,3.23
entry level medical device sales jobs near me,30,LOW,0.65,9.17
entry level tech sales remote,30,LOW,0.8,3.44
remote sales jobs anywhere in the world,10,LOW,0.0,0.0
entry level sales development representative,50,LOW,0.84,4.04
commission sales jobs remote,40,LOW,0.88,3.55
entry level pharmaceutical sales jobs near me,40,LOW,0.75,8.05
sales careers remote,30,LOW,0.86,2.68
tech sales jobs remote entry level,40,LOW,1.46,5.29
part time tech sales,50,LOW,0.0,0.0
part time commission sales jobs,110,LOW,0.21,2.39
work from anywhere sales jobs,20,MEDIUM,0.91,3.13
entry level software sales jobs remote,40,LOW,0.705,4.43
selling products from home jobs,20,MEDIUM,1.1,4.06
entry level medical device jobs,170,LOW,0.69,5.73
work from home no sales,70,MEDIUM,0.33,2.7
high commission sales jobs from home,10,MEDIUM,0.49,2.016704
remote sales job no experience,590,MEDIUM,0.43,2.33
best remote sales jobs 2022,10,UNSPECIFIED,0.0,0.0
remote sales work,40,LOW,0.72,4.42
entry level sales jobs no experience,50,LOW,0.29,3.0
sales representative from home,50,LOW,0.84,6.09
medical device sales no experience,30,LOW,0.57,5.31
remote non sales jobs,70,MEDIUM,0.36,1.75
entry level sales tech jobs,20,LOW,0.74,6.39
good sales jobs for beginners,140,LOW,0.225,4.27
remote sale jobs,50,LOW,0.28,2.73
medical sales rep entry level,880,LOW,0.49,8.1
independent sales associate,70,LOW,2.46,4.287433
entry level sales representative jobs,170,LOW,0.39,5.49
work from home jobs selling products,90,MEDIUM,1.25,3.96
work from home jobs not sales,140,MEDIUM,0.28,1.76
remote sales support jobs,110,LOW,0.68,2.4
pharmaceutical sales jobs remote,90,LOW,0.48,3.26
remote jobs not sales,70,LOW,0.22,1.92
part time sales manager,70,LOW,2.72,9.954047
part time sales rep,140,LOW,0.54,3.87
entry level car salesman,110,LOW,0.15,2.59
tech sales jobs work from home,10,LOW,0.68,1.72
entry level insurance sales agent,480,LOW,0.99,6.65
life insurance sales jobs from home,10,MEDIUM,1.24,3.26
inbound sales work from home,70,LOW,0.89,2.29
inbound sales jobs remote,70,LOW,0.43,2.72
part time commission sales jobs from home,30,MEDIUM,0.794479,2.65
tech sales entry level remote,40,LOW,1.2,4.87
medicare sales work from home,10,LOW,0.19,6.18
remote jobs no sales,90,LOW,0.39,1.779573
remote medicare insurance sales jobs,10,LOW,0.0,0.0
sales part time jobs near me,880,LOW,0.15,2.02
entry level car dealership jobs,90,LOW,0.14,3.5
part time tech sales jobs remote,30,LOW,0.45,1.62
pharmaceutical sales rep entry level,720,LOW,0.74,7.81
sales rep no experience needed,10,MEDIUM,0.7,3.225451
sales rep from home,50,LOW,0.84,6.09
tql sales representative entry level,50,LOW,0.63,4.6
work from home sales positions,2900,LOW,0.38,2.48
remote work from home sales jobs,30,MEDIUM,0.36,2.61
remote sales opportunities,30,MEDIUM,0.81,2.82
work from home sales representative jobs,2900,LOW,0.38,2.48
actalent entry level recruiter sales trainee,20,LOW,0.0,0.0
entry level saas sales,20,LOW,0.87,6.97
tech sales part time,30,LOW,0.0,0.0
best online sales jobs from home,20,MEDIUM,0.519999,1.96
sales representative jobs work from home,30,LOW,0.41,2.03
remote online sales jobs,70,MEDIUM,0.76,3.35
saas sales entry level,20,LOW,1.24,4.33
entry level sales remote,70,LOW,0.72,2.98
good entry level sales jobs,590,LOW,0.29,4.09
work from home inside sales jobs,110,LOW,0.44,2.108265
best entry sales jobs,40,LOW,0.0,0.0
sales jobs remote part time,50,LOW,0.7,2.16
part time sales consultant,40,LOW,3.17,10.08
remote sales executive jobs,40,LOW,0.49,3.223092
commission sales jobs from home,10,LOW,0.28,1.01
inbound sales remote jobs,40,LOW,0.85,2.57
online sales work from home,10,MEDIUM,0.796247,3.41
beginner sales jobs near me,30,LOW,0.21,6.1
entry tech sales jobs,40,LOW,0.73,3.815
stay at home sales jobs,30,LOW,0.18,1.55
entry level sales recruiter,10,MEDIUM,1.15,10.02
remote sales consultant,40,LOW,2.089999,9.91
part time sales jobs work from home,70,LOW,0.61,2.3
healthcare sales jobs remote,30,LOW,0.82,6.54
remote jobs that aren t sales,110,LOW,0.3,1.84
sales jobs from home near me,20,MEDIUM,0.42,2.49931
entry level sales remote jobs,30,LOW,0.58,3.05
tech sales work from home,210,LOW,0.37,2.05
sales jobs near me remote,70,LOW,0.3,2.089999
entry level tech sales jobs near me,30,LOW,0.69,7.1
sales jobs no experience needed,30,LOW,0.33,2.7
entry level it sales jobs,20,LOW,1.375,4.179999
entry level insurance sales,90,LOW,1.32,6.8
advertising sales jobs remote,30,LOW,0.0,0.0
jobs sales remote,18100,LOW,0.67,2.86
in home sales jobs near me,70,LOW,0.72,3.72
inbound sales remote,40,LOW,0.129999,2.34
remote sales and marketing jobs,40,LOW,0.58,2.4
work from home tech sales jobs,20,MEDIUM,0.7,3.34
work from home selling,40,LOW,0.74,2.92
work from home life insurance sales,10,HIGH,1.08,5.495
sales remote jobs near me,40,LOW,0.33,2.2
entry level solar sales,110,LOW,0.0,0.0
sales representative no experience,30,LOW,0.38,3.59
high paying entry level sales jobs,90,LOW,0.24,2.83
remote travel sales jobs,40,LOW,0.8,2.69
remote inbound sales,40,LOW,0.53,3.03
sales support jobs remote,50,LOW,0.81,2.41
entry level healthcare sales jobs,40,LOW,0.86,7.66
entry level pharmaceutical sales jobs remote,20,LOW,0.78,4.44
entry level sdr,50,LOW,0.78,4.26
part time sales assistant jobs near me,10,LOW,0.0,0.0
part time insurance sales from home,10,MEDIUM,0.0,0.0
work from home sales jobs with salary,30,LOW,0.0,0.0
entry level technology sales jobs,720,LOW,0.65,4.28
part time medical sales,90,LOW,0.36,3.92
entry level sales rep,1300,LOW,0.73,4.92
remote medical sales,110,LOW,0.49,3.14
entry level pharmaceutical rep jobs,1600,LOW,0.64,6.06
best non sales work from home jobs,70,MEDIUM,0.43,1.6
medical sales rep no experience,50,LOW,0.4,5.94
entry level inside sales jobs,70,LOW,0.42,3.46
remote working sales jobs,10,LOW,0.0,0.0
b2b sales jobs entry level,90,LOW,0.28,2.76
medical sales remote,90,LOW,0.68,4.9
1099 sales rep jobs,480,LOW,1.02,4.655
best entry level sales jobs 2022,10,UNSPECIFIED,0.0,0.0
part time work from home sales jobs,70,LOW,0.61,2.3
entry level medical equipment sales,20,LOW,0.47,7.15
work from home medical sales jobs,30,LOW,0.31,2.75
remote medicare sales,30,LOW,1.67,7.92
entry level sales development representative jobs,30,LOW,1.27,6.88
remote outbound sales representative,10,MEDIUM,1.53,2.62
side sales jobs,110,LOW,0.7,3.45
part time car salesman jobs near me,110,LOW,0.17,1.71
entry level technical sales,70,LOW,0.75,4.21
inside sales representative remote jobs,40,LOW,0.61,4.55
part time outside sales jobs,20,LOW,0.24,3.21
indeed part time sales,10,LOW,0.0,0.0
remote sales jobs from home,10,MEDIUM,0.68,2.92
independent sales rep jobs near me,10,LOW,0.0,0.0
independent sales job,390,LOW,0.87,3.57
indeed part time sales jobs,10,LOW,0.0,0.0
part time inside sales jobs,30,LOW,0.121526,3.3
medical device sales remote,70,LOW,0.39,3.79
part time insurance sales jobs,20,LOW,0.44,4.02
work from home medical sales,50,LOW,0.4,3.28
sales rep jobs no experience,50,LOW,0.44,3.1
remote insurance sales agent,20,MEDIUM,1.33,4.13
sales agent work from home,70,MEDIUM,0.861155,2.55
independent golf sales rep jobs,20,LOW,0.0,0.0
sales jobs near me part time,170,LOW,0.24,2.39
entry level sales engineer remote,10,LOW,0.0,0.0
medical sales rep work from home,10,LOW,0.16,1.74
part time sales agent,20,LOW,0.0,0.0
entry level medical equipment sales jobs,390,LOW,0.47,6.425
jobs remote sales,18100,LOW,0.67,2.86
sales assistant jobs part time,10,LOW,0.0,0.0
insurance sales remote jobs,320,MEDIUM,0.74,3.33
pharmaceutical sales representative entry level,720,LOW,0.74,7.81
freelance sales jobs remote,10,LOW,0.0,0.0
entry level sales spectrum,20,LOW,0.0,0.0
chat sales agent work from home,10,LOW,0.0,0.0
remote jobs sales manager,20,MEDIUM,0.519999,2.88
work from home sales consultant,10,LOW,0.0,0.0
intro sales jobs,4400,LOW,0.41,4.2
remote sales engineer,210,LOW,0.129999,1.18
lowe's retail sales part time,50,LOW,0.43,1.365
direct sales jobs from home,10,LOW,0.0,0.0
remote entry level sales,50,LOW,0.86,2.98
medtronic entry level sales jobs,20,LOW,0.54,7.21
entry level remote tech sales jobs,20,LOW,0.79,2.33
best entry level medical sales companies,10,LOW,0.94,6.62
inside sales work from home,50,LOW,0.31,2.61
part time life insurance sales jobs,10,HIGH,0.62,2.19
sales development representative entry level,30,LOW,0.46,2.38
sales jobs remote working,10,UNSPECIFIED,0.0,0.0
part time sales remote,70,LOW,0.28,2.16
entry level sales roles,4400,LOW,0.41,4.2
car dealership part time jobs,320,LOW,0.14,1.91
work from home solar sales,10,LOW,0.0,0.0
sales jobs you can do from home,10,LOW,0.15,0.92
best entry level medical sales jobs,20,LOW,0.7,6.42
sell stuff from home jobs,10,MEDIUM,0.0,0.0
sales support remote jobs,50,LOW,0.7,3.0
medical sales rep jobs no experience,20,LOW,0.72,3.91
remote sales part time,50,LOW,0.54,2.61
part time software sales,20,LOW,0.794441,4.8
sales associate part time jobs,210,LOW,0.28,2.91
online selling work from home,10,UNSPECIFIED,0.0,0.0
insurance sales jobs entry level,20,LOW,1.15,6.8
amazon sales jobs remote,40,LOW,0.38,1.77
remote jobs non sales,20,MEDIUM,0.23,1.64
independent sales representative opportunities,70,LOW,0.94,3.87781
entry level car salesman jobs near me,30,LOW,0.17,1.39
entry level dealership jobs,140,LOW,0.25,3.02
entry level sales near me,50,LOW,0.37,5.26
pharmaceutical sales no experience,30,LOW,0.77,5.04
sell houses job,260,LOW,1.13,6.92
telephone sales jobs from home,50,MEDIUM,0.38,2.53
sales no experience,90,LOW,0.17,3.43
saas jobs entry level,40,LOW,0.14,2.16
high paying sales jobs work from home,10,UNSPECIFIED,0.0,0.0
part time store associate,480,LOW,0.0,0.0
salelytics work from home,110,LOW,0.17,2.01
sales assistant jobs near me part time,10,LOW,0.0,0.0
companies seeking independent sales representatives,0,UNSPECIFIED,0.0,0.0
remote sales agent jobs,20,LOW,0.7,2.95
sales associate jobs near me part time,90,LOW,0.28,7.0
cruise sales jobs remote,70,LOW,0.15,3.52
part time sales jobs with commission,20,LOW,0.0,0.0
independent pharmaceutical sales representative,10,HIGH,1.31,6.13
independent salesman,880,LOW,2.22,9.15
remote phone sales,30,LOW,0.814138,10.804553
entry level dental sales jobs,20,LOW,0.18,4.51
part time retail sales associate,880,LOW,0.11,3.12
pharma sales jobs entry level,1600,LOW,0.64,6.06
part time sales positions,2400,LOW,0.242584,3.2
pharma sales entry level,30,LOW,0.56,7.7
part time shop assistant,10,LOW,0.0,0.0
selling things from home jobs,10,MEDIUM,0.0,0.0
sales associate work from home,10,MEDIUM,0.82,2.99
sales and marketing entry level jobs,110,LOW,0.61,4.26
best entry level sales positions,590,LOW,0.29,4.09
part time sales development representative,10,LOW,2.04,4.17
sales remote work from home,10,MEDIUM,0.97,3.6
remote work sales,20,LOW,0.5,2.45
part time sales roles,20,LOW,1.28,3.48
remote part time sales,40,LOW,0.55,2.8
entry medical sales,20,LOW,0.95,16.26
sales executive remote jobs,20,LOW,0.0,0.0
part time sales from home,20,MEDIUM,0.64,2.53
sales wfh jobs,20,LOW,0.3,9.98
top entry level sales jobs,10,LOW,0.0,0.0
entry level software sales remote,10,LOW,0.0,0.0
wfh sales,50,LOW,0.15,1.54
work from home not sales,70,MEDIUM,0.33,2.7
work remote sales jobs,10,LOW,0.0,0.0
independent sales rep wanted,20,LOW,2.97,6.01
what can i sell as a side hustle,20,MEDIUM,0.24,1.07
pharmaceutical sales jobs no experience,110,LOW,0.61,6.77
amazon sales jobs work from home,30,LOW,0.0,0.0
medical sales entry level positions,1600,LOW,0.48,7.63
part time pharmaceutical sales jobs,50,LOW,0.16,1.768752
sales rep work from home jobs,20,LOW,0.45,2.24
best paying remote sales jobs,20,MEDIUM,0.255,2.943454
sales representative entry level tql,20,LOW,0.0,0.0
part time sales work from home,110,LOW,0.17,1.65
sales remote work,40,LOW,0.72,4.42
independent sales jobs from home,10,LOW,0.0,0.0
sell insurance part time from home,50,MEDIUM,0.71,3.18
work from home phone sales,30,LOW,0.22,2.654076
entry level saas sales jobs remote,20,LOW,0.0,0.0
part time sales executive,10,LOW,0.0,0.0
high paying sales jobs with no experience,10,LOW,0.25,4.71
remote cruise sales jobs,50,LOW,0.0,0.0
best entry level sales companies,50,LOW,1.49,6.8
part time pharma sales jobs,50,LOW,0.16,1.768752
retail assistant part time,10,LOW,0.0,0.0
entry level solar sales jobs,10,LOW,0.0,0.0
entry level biotech sales jobs,20,LOW,0.44,3.13
entry level inside sales,50,LOW,0.72,5.93
entry level sales careers,4400,LOW,0.41,4.2
best entry level pharmaceutical sales companies,20,LOW,0.0,0.0
part time sales help,20,LOW,0.0,0.0
remote inbound chat sales agent,10,UNSPECIFIED,0.0,0.0
internet sales jobs from home,10,LOW,0.0,0.0
inbound sales agent work from home,30,MEDIUM,0.0,0.0
home advisor sales job,10,LOW,0.0,0.0
inside sales representative work from home,50,LOW,0.31,2.61
work from home no cold calling,20,MEDIUM,0.62,2.39
medicare sales agent remote,50,LOW,0.55,10.03
medical sales jobs near me entry level,20,LOW,0.0,0.0
part time sales representative jobs,50,LOW,0.2,6.73
freelance sales jobs from home,20,LOW,0.0,0.0
new homes sales advisor jobs,10,LOW,0.0,0.0
software sales work from home,10,LOW,0.04,1.39
high paying sales jobs from home,10,LOW,0.21,1.07
part time sales rep jobs,50,LOW,0.2,6.73
part time medical device sales,40,LOW,0.19,3.8
work from home sales jobs part time,10,LOW,0.0,0.0
new homes jobs near me,20,LOW,0.0,0.0
high paying sales jobs no degree,70,LOW,0.6,2.02
independent sales rep positions,10,MEDIUM,0.0,0.0
entry level commission sales jobs,10,LOW,0.41,3.12
sales jobs part time from home,110,LOW,0.17,1.65
entry level insurance sales agent jobs,70,LOW,0.99,6.8
part time online sales,10,MEDIUM,0.71,2.63
sales associate remote jobs,10,LOW,0.92,2.29
full time sales assistant,10,LOW,0.0,0.0
work from home customer service sales,10,LOW,0.0,0.0
sales jobs work from home for freshers,10,UNSPECIFIED,0.0,0.0
high paying part time sales jobs,10,LOW,0.75,2.53
independent sales reps needed,20,MEDIUM,1.91,11.29
entry level non sales jobs,40,LOW,0.17,1.29
entry level surgical sales jobs,10,LOW,0.0,0.0
adp entry level outside sales,30,LOW,0.0,0.0
adp entry level sales,30,LOW,0.0,0.0
allstate entry level sales rep,10,UNSPECIFIED,0.0,0.0
allstate sales agent work from home,0,UNSPECIFIED,0.0,0.0
amazon entry level sales jobs,10,LOW,0.0,0.0
amazon remote sales jobs,20,LOW,0.0,0.0
amazon sales jobs from home,10,LOW,0.0,0.0
at home inside sales jobs,10,LOW,0.0,0.0
at home sales consultant jobs,10,LOW,0.0,0.0
at home sales rep jobs,40,LOW,0.451392,3.29
at&t part time retail sales consultant,30,LOW,0.0,0.0
b2b sales jobs no experience,10,LOW,0.519999,3.04
become a sales consultant from home,10,UNSPECIFIED,0.0,0.0
become a sales representative from home,10,LOW,0.0,0.0
become an independent sales rep,20,LOW,0.0,0.0
beginner pharmaceutical sales jobs,1600,LOW,0.64,6.06
bench sales work from home,0,UNSPECIFIED,0.0,0.0
best companies for entry level sales,50,LOW,1.49,6.8
best companies for entry level sales jobs,10,LOW,0.0,0.0
best companies for remote sales jobs,10,LOW,1.13,3.7
best entry level b2b sales jobs,10,LOW,0.0,0.0
best entry level sales jobs reddit,90,LOW,0.0,0.0
best independent sales rep jobs,20,LOW,0.69,1.85
best part time commission jobs,10,LOW,0.0,0.0
best part time sales jobs from home,10,MEDIUM,0.63,1.76
best part time sales jobs reddit,10,LOW,0.0,0.0
best paying entry level sales jobs,90,LOW,0.24,2.83
best sales jobs for entry level,10,LOW,0.0,0.0
best work from home sales,10,MEDIUM,0.0,0.0
biotech sales entry level,30,LOW,0.0,0.0
business development representative entry level,30,LOW,0.0,0.0
business to business sales jobs entry level,10,LOW,0.0,0.0
byjus sales job work from home,0,UNSPECIFIED,0.0,0.0
car dealership entry level jobs,140,LOW,0.25,3.02
car dealership jobs near me part time,30,LOW,0.29,4.17
car sales jobs near me part time,10,LOW,0.0,0.0
car sales work from home,10,LOW,0.0,0.0
car salesman jobs near me part time,10,LOW,0.0,0.0
car salesman social media,70,MEDIUM,3.2,9.25
carmax part time sales,20,LOW,0.0,0.0
catalog sales jobs from home,10,UNSPECIFIED,0.0,0.0
cdw entry level sales,10,LOW,0.0,0.0
chat sales agent jobs,10,LOW,0.0,0.0
coach part time sales associate,10,LOW,0.0,0.0
commission based sales jobs from home,10,MEDIUM,0.0,0.0
commission sales work from home,10,LOW,0.0,0.0
cosmetic sales jobs from home,10,LOW,0.0,0.0
craigslist work from home nationwide,10,MEDIUM,0.0,0.0
credit card sales jobs & work from home,0,UNSPECIFIED,0.0,0.0
credit card sales jobs work from home,10,UNSPECIFIED,0.0,0.0
cruise sales jobs from home,10,MEDIUM,0.0,0.0
customer service representative sales work from home sign on bonus,10,UNSPECIFIED,0.0,0.0
direct sales work from home,20,LOW,0.63,1.96
enterprise work from home reservation sales representative,50,LOW,0.0,0.0
entry level biotech sales,30,LOW,0.0,0.0
entry level business development representative,40,LOW,0.96,3.19
entry level business representative,30,LOW,0.0,0.0
entry level business to business sales,10,LOW,0.0,0.0
entry level business to business sales jobs,10,LOW,0.0,0.0
entry level car dealership jobs near me,10,LOW,0.32,1.88
entry level car sales job,10,LOW,0.0,0.0
entry level car sales jobs near me,20,LOW,0.07,1.58
entry level chemical sales jobs,10,LOW,0.0,0.0
entry level construction sales jobs,20,LOW,0.16,3.19
entry level corporate sales jobs,10,LOW,0.0,0.0
entry level customer sales,10,LOW,0.0,0.0
entry level dealership jobs near me,20,LOW,0.27,3.14
entry level digital marketing inside sales,10,LOW,0.0,0.0
entry level drug rep jobs,1600,LOW,0.64,6.06
entry level field sales representative jobs,10,UNSPECIFIED,0.0,0.0
entry level financial sales jobs,10,LOW,0.84,3.27
entry level hotel sales jobs,10,LOW,0.0,0.0
entry level inside sales representative,30,LOW,0.0,0.0
entry level insurance sales representative jobs,0,UNSPECIFIED,0.0,0.0
entry level international sales jobs,10,LOW,0.0,0.0
entry level it sales,20,LOW,0.86,8.279999
entry level jobs at car dealerships,140,LOW,0.25,3.02
entry level jobs not sales,10,LOW,0.0,0.0
entry level jobs that are not sales,10,LOW,0.0,0.0
entry level jobs that aren t sales,10,LOW,0.64,2.2
entry level marketing and sales,110,LOW,0.21,7.72
entry level marketing sales jobs,110,LOW,0.61,4.26
entry level media sales jobs,10,LOW,0.0,0.0
entry level medical device,30,LOW,0.47,5.83
entry level medical device sales rep,40,LOW,0.86,12.73
entry level medical rep jobs,40,LOW,0.75,10.41
entry level medical representative jobs,40,LOW,0.75,10.41
entry level medical sales representative,20,LOW,0.0,0.0
entry level medical sales representative jobs,40,LOW,0.75,10.41
entry level orthopedic sales jobs,10,LOW,0.0,0.0
entry level outside sales,70,LOW,0.68,3.62
entry level outside sales jobs,20,LOW,0.21,2.218963
entry level outside sales representative,30,LOW,0.74,2.76
entry level outside sales trainee,10,LOW,0.0,0.0
entry level pharma rep jobs,1600,LOW,0.64,6.06
entry level pharmaceutical rep,720,LOW,0.74,7.81
entry level pharmaceutical sales jobs no experience,10,LOW,0.17,7.44
entry level pharmaceutical sales positions,1600,LOW,0.64,6.06
entry level pharmaceutical sales reddit,10,LOW,0.0,0.0
entry level pharmaceutical sales representative jobs,1600,LOW,0.64,6.06
entry level sales $50000,10,UNSPECIFIED,0.0,0.0
entry level sales account executive,20,LOW,0.0,0.0
entry level sales account manager,10,LOW,0.0,0.0
entry level sales and marketing representative,30,LOW,0.0,0.0
entry level sales and trading jobs,40,LOW,1.0,5.37
entry level sales assistant,20,LOW,0.0,0.0
entry level sales assistant jobs,10,LOW,0.0,0.0
entry level sales associate,140,LOW,0.42,5.26
entry level sales associate jobs,30,LOW,0.27,6.8
entry level sales consultant,40,LOW,0.0,0.0
entry level sales consultant jobs,10,LOW,0.93,7.48
entry level sales engineer jobs remote,10,LOW,0.0,0.0
entry level sales executive,30,LOW,0.0,0.0
entry level sales executive jobs,10,MEDIUM,0.8,2.55
entry level sales jobs part time,10,LOW,0.48,3.87
entry level sales jobs reddit,50,LOW,0.0,0.0
entry level sales management,40,LOW,0.54,6.96
entry level sales management healthcare recruiter,10,UNSPECIFIED,0.0,0.0
entry level sales manager jobs,20,LOW,0.18,1.57
entry level sales no experience,10,LOW,0.0,0.0
entry level sales operations jobs,30,LOW,0.42,2.47
entry level sales part time,10,MEDIUM,1.58,2.55
entry level sales positions near me,40,LOW,0.57,5.17
entry level sales rep jobs,170,LOW,0.39,5.49
entry level sales rep jobs near me,10,LOW,0.11,0.92
entry level sales representative power home remodeling,50,LOW,0.0,0.0
entry level software sales jobs near me,10,LOW,0.27,1.79
entry level surgical sales,10,LOW,0.0,0.0
entry level technical sales engineer,20,LOW,0.0,0.0
entry level technical sales jobs,20,LOW,0.34,2.06
entry level technical sales representative,30,LOW,0.0,0.0
entry level technical sales representative keyence,20,UNSPECIFIED,0.0,0.0
entry level technology sales,880,LOW,0.86,4.49
entry level traveling sales jobs,10,LOW,0.0,0.0
entry pharmaceutical sales,20,LOW,0.81,5.35
entry sales job,320,LOW,0.21,3.91
entry sales positions,320,LOW,0.21,3.91
entry sales representative,50,LOW,0.0,0.0
flexible packaging sales jobs,20,LOW,0.09,3.63
flexible sales jobs near me,10,LOW,0.0,0.0
full time retail assistant,10,LOW,0.0,0.0
full time retail sales associate,110,LOW,0.57,22.76
full time sales,10,LOW,0.0,0.0
full time sales associate,720,LOW,0.79,9.52
full time sales positions,50,MEDIUM,0.59,3.08
full time sales representative,10,LOW,0.0,0.0
full time store associate,720,LOW,0.79,9.52
get a sales job with no experience,50,LOW,0.0,0.0
getting a job in sales with no experience,50,LOW,0.0,0.0
good part time sales jobs,140,LOW,0.17,2.16
google entry level sales,10,LOW,0.0,0.0
google entry level sales jobs,20,LOW,0.0,0.0
great entry level sales jobs,590,LOW,0.29,4.09
great sales jobs from home,10,MEDIUM,0.0,0.0
h&m part time sales,10,UNSPECIFIED,0.0,0.0
h&m part time sales advisor,10,LOW,0.0,0.0
health insurance sales jobs from home,10,UNSPECIFIED,0.0,0.0
hershey's part time territory sales associate,50,LOW,0.0,0.0
highest paid entry level sales jobs,90,LOW,0.24,2.83
hilton remote sales,10,LOW,0.0,0.0
hilton remote sales and customer service representative,10,UNSPECIFIED,0.0,0.0
home based sales advisor,10,UNSPECIFIED,0.0,0.0
home based sales opportunities,10,LOW,0.0,0.0
home based sales representative jobs,10,UNSPECIFIED,0.0,0.0
home based sales roles,40,LOW,0.27,1.71
home depot part time sales associate,20,LOW,0.0,0.0
home sales consultant jobs,40,LOW,0.99,9.39
home sales officer jio work,0,UNSPECIFIED,0.0,0.0
home sales officer work,0,UNSPECIFIED,0.0,0.0
home sales representative jobs,10,LOW,0.0,0.0
hotel remote sales,10,LOW,0.0,0.0
hotel sales jobs remote,40,LOW,0.61,1.69
house sale jobs,10,LOW,0.0,0.0
ibm entry level sales,20,LOW,0.0,0.0
ibm sales jobs entry level,10,LOW,0.0,0.0
in home sales consultant jobs,10,LOW,0.0,0.0
in home sales representative jobs,10,LOW,0.0,0.0
in house sales job,10,LOW,0.0,0.0
in house sales jobs,10,LOW,0.0,0.0
inbound closer jobs from home,10,UNSPECIFIED,0.0,0.0
inbound sales from home,10,LOW,0.0,0.0
inbound sales jobs from home,10,MEDIUM,0.96,4.2
inbound sales representative remote,30,LOW,0.5,2.68
indeed entry level sales,10,LOW,0.0,0.0
indeed part time sales assistant jobs,10,UNSPECIFIED,0.0,0.0
independent eyewear sales rep,10,UNSPECIFIED,0.0,0.0
independent jewelry sales representative jobs,10,LOW,0.0,0.0
independent manufacturers rep jobs,10,MEDIUM,0.0,0.0
independent medical sales jobs,10,MEDIUM,3.81,11.1
independent medical sales rep jobs,10,MEDIUM,3.81,11.1
independent medical sales representative,40,MEDIUM,1.76,8.84
independent outside sales representative,10,MEDIUM,4.62,13.69
independent sales advisor,10,UNSPECIFIED,0.0,0.0
independent sales agent jobs,10,LOW,0.0,0.0
independent sales rep jobs home,10,MEDIUM,0.0,0.0
independent sales representative companies,50,MEDIUM,2.589049,7.513197
independent salesperson,10,HIGH,0.0,0.0
inside sales entry level,50,LOW,0.72,5.93
inside sales executive work from home jobs,0,UNSPECIFIED,0.0,0.0
inside sales jobs from home,20,LOW,0.0,0.0
inside sales part time,20,LOW,0.21,1.45
inside sales representative part time jobs,10,UNSPECIFIED,0.0,0.0
insurance sales with leads work home,20,LOW,0.0,0.0
it part time sales,10,LOW,0.0,0.0
it sales part time,10,LOW,0.0,0.0
jd sales assistant part time,10,LOW,0.0,0.0
jewelry sales jobs from home,10,LOW,0.0,0.0
job search real estate,70,LOW,0.94,4.08
jobs hiring near me part time sales associate,10,LOW,0.0,0.0
jobs work from home sales,2900,LOW,0.38,2.48
johnson and johnson entry level sales jobs,10,LOW,0.0,0.0
journeys part time sales associate,30,LOW,0.0,0.0
junior pharmaceutical sales rep,10,MEDIUM,0.0,0.0
keyence entry level technical sales,50,LOW,0.0,0.0
kohl's part time retail sales associate,30,LOW,0.0,0.0
kohl's part time sales associate,10,LOW,0.0,0.0
lego part time sales associate,10,LOW,0.0,0.0
live sales staff work from home,10,UNSPECIFIED,0.0,0.0
macy's part time sales associate,10,LOW,0.0,0.0
marketing and sales entry level jobs,110,LOW,0.61,4.26
medical device independent sales rep,10,MEDIUM,2.82,12.65
medical device sales representative entry level,40,LOW,0.86,12.73
medical rep jobs no experience,10,LOW,0.519999,6.21
medical representative hiring no experience,10,UNSPECIFIED,0.0,0.0
medical representative work from home,10,LOW,0.0,0.0
medical sales trainee jobs,10,LOW,0.0,0.0
medical sales with no experience,20,LOW,0.4,6.86
medline entry level medical sales specialist,10,UNSPECIFIED,0.0,0.0
menards part time sales,40,LOW,0.0,0.0
merchandise associate part time,50,LOW,0.0,0.0
microsoft entry level sales jobs,20,LOW,0.91,5.16
national sales jobs working from home,10,MEDIUM,0.0,0.0
new home sale jobs,10,LOW,0.0,0.0
new home sales agent jobs,30,LOW,0.31,4.2
new home sales careers,1300,LOW,0.18,3.9
nexrep inbound sales pay,10,UNSPECIFIED,0.0,0.0
non sales work from home,110,MEDIUM,0.28,1.66
on line sales jobs,1900,LOW,0.7,2.41
online home sales jobs,10,LOW,0.0,0.0
oracle entry level sales,10,LOW,0.0,0.0
oracle entry level sales jobs,30,LOW,0.0,0.0
outbound sales work from home,10,UNSPECIFIED,0.0,0.0
outside sales work from home,10,MEDIUM,0.0,0.0
pandora part time sales associate,20,LOW,0.0,0.0
part time advertising sales jobs,10,LOW,0.0,0.0
part time auto sales jobs,260,LOW,0.129999,1.275
part time auto sales jobs near me,30,LOW,0.0,0.0
part time b2b sales jobs,10,LOW,0.0,0.0
part time business development representative,10,LOW,0.0,0.0
part time car sales executive,10,UNSPECIFIED,0.0,0.0
part time car sales near me,10,LOW,0.0,0.0
part time car salesman near me,10,LOW,0.0,0.0
part time commission only sales jobs,10,LOW,1.09,10.47
part time commission sales jobs near me,10,LOW,0.0,0.0
part time dental sales,10,LOW,0.0,0.0
part time dental sales jobs,10,LOW,0.0,0.0
part time direct sales jobs,10,UNSPECIFIED,0.0,0.0
part time door to door sales,10,UNSPECIFIED,0.0,0.0
part time evening sales jobs,10,LOW,0.0,0.0
part time field sales jobs,10,LOW,0.0,0.0
part time furniture sales,10,LOW,0.0,0.0
part time furniture sales jobs,10,LOW,0.0,0.0
part time inside sales jobs near me,10,LOW,0.12,2.689313
part time jewelry sales,10,LOW,0.0,0.0
part time jobs canary wharf sales assistant,0,UNSPECIFIED,0.0,0.0
part time jobs for sale,10,LOW,0.0,0.0
part time jobs near me sales assistant,10,LOW,0.0,0.0
part time media sales jobs,10,UNSPECIFIED,0.0,0.0
part time medical device sales jobs,10,LOW,0.14,1.74
part time medical representative jobs,10,LOW,0.41,11.54
part time medical sales jobs near me,10,LOW,0.15,1.39
part time medical sales rep,90,LOW,0.36,3.92
part time medical sales representative,10,UNSPECIFIED,0.0,0.0
part time medical sales representative jobs,10,UNSPECIFIED,0.0,0.0
part time merchandise associate,210,LOW,0.0,0.0
part time new home sales,10,LOW,0.0,0.0
part time new home sales jobs,20,LOW,0.0,0.0
part time new homes sales advisor,10,UNSPECIFIED,0.0,0.0
part time outside sales,10,LOW,0.0,0.0
part time outside sales jobs near me,10,LOW,0.0,0.0
part time pharma sales,140,LOW,0.21,2.33
part time pharmaceutical rep,140,LOW,0.21,2.33
part time pharmaceutical rep jobs,50,LOW,0.16,1.768752
part time pharmaceutical sales jobs near me,10,LOW,0.0,0.0
part time pharmaceutical sales near me,10,LOW,0.0,0.0
part time pharmaceutical sales rep,140,LOW,0.21,2.33
part time pharmaceutical sales representative,140,LOW,0.21,2.33
part time phone sales,20,LOW,0.0,0.0
part time phone sales jobs,10,LOW,0.14,3.2
part time property sales jobs,10,UNSPECIFIED,0.0,0.0
part time retail sales,1300,LOW,0.39,2.73
part time retail sales assistant,10,UNSPECIFIED,0.0,0.0
part time retail sales assistant jobs,10,UNSPECIFIED,0.0,0.0
part time retail sales associate jobs,10,LOW,0.0,0.0
part time retail sales associate jobs near me,10,LOW,0.0,0.0
part time retail sales associate kohl's,20,LOW,0.0,0.0
part time retail sales consultant,20,LOW,0.0,0.0
part time retail sales consultant at&t,30,LOW,0.0,0.0
part time retail sales jobs,10,LOW,0.0,0.0
part time retail sales jobs near me,20,LOW,0.0,0.0
part time retail sales representative,10,UNSPECIFIED,0.0,0.0
part time saas sales jobs,20,LOW,0.0,0.0
part time sales administrator jobs,10,UNSPECIFIED,0.0,0.0
part time sales advisor,10,LOW,0.0,0.0
part time sales advisor h&m,10,LOW,0.0,0.0
part time sales advisor jobs,10,LOW,0.0,0.0
part time sales agent jobs,10,LOW,0.0,0.0
part time sales and marketing jobs,10,LOW,0.0,0.0
part time sales assistant jobs high wycombe,0,UNSPECIFIED,0.0,0.0
part time sales assistant jobs westfield,0,UNSPECIFIED,0.0,0.0
part time sales assistant near me,10,UNSPECIFIED,0.0,0.0
part time sales associate calvin klein,10,LOW,0.0,0.0
part time sales associate famous footwear,140,LOW,0.0,0.0
part time sales associate home depot,20,LOW,0.0,0.0
part time sales associate jobs hiring near me,10,LOW,0.0,0.0
part time sales associate journeys,20,LOW,0.0,0.0
part time sales associate near me,30,LOW,0.0,0.0
part time sales associate sherwin williams,10,UNSPECIFIED,0.0,0.0
part time sales consultant jobs,10,LOW,0.24,1.411315
part time sales coordinator,10,LOW,0.0,0.0
part time sales coordinator jobs,10,LOW,0.0,0.0
part time sales director jobs,10,LOW,0.0,0.0
part time sales engineer,20,LOW,0.0,0.0
part time sales engineer jobs,10,LOW,0.0,0.0
part time sales executive jobs,10,LOW,0.57,1.86
part time sales jobs reddit,40,LOW,0.0,0.0
part time sales manager jobs,10,LOW,0.0,0.0
part time sales menards,50,LOW,0.0,0.0
part time sales near me,40,LOW,0.24,2.089999
part time sales negotiator,0,UNSPECIFIED,0.0,0.0
part time sales negotiator jobs,0,UNSPECIFIED,0.0,0.0
part time sales opportunities,10,LOW,0.0,0.0
part time sales positions near me,20,LOW,0.14,2.18
part time sales promoter,10,LOW,0.0,0.0
part time sales rep jobs near me,20,LOW,0.0,0.0
part time sales staff,10,UNSPECIFIED,0.0,0.0
part time sales support jobs,10,LOW,0.0,0.0
part time sales trainer jobs,10,LOW,0.0,0.0
part time sales work,10,LOW,0.0,0.0
part time seasonal sales associate,30,LOW,0.0,0.0
part time tech sales jobs,40,LOW,0.73,2.079999
part time technical sales jobs,10,LOW,0.0,0.0
part time telesales,10,LOW,0.0,0.0
part time weekend sales jobs,10,LOW,0.0,0.0
part time wine sales jobs,10,LOW,0.0,0.0
pfizer entry level pharmaceutical sales,10,LOW,0.0,0.0
pharm rep jobs entry level,1600,LOW,0.64,6.06
pharmaceutical companies that hire entry level sales,10,LOW,0.0,0.0
pharmaceutical sales entry level training,10,LOW,0.0,0.0
pharmaceutical sales jobs near me entry level,10,LOW,0.74,10.76
pharmaceutical sales jobs no degree,20,LOW,0.72,6.39
pharmaceutical sales positions entry level,1600,LOW,0.64,6.06
pharmaceutical sales rep jobs entry level near me,10,HIGH,0.0,0.0
pharmaceutical sales rep jobs no experience,110,LOW,0.61,6.77
pharmaceutical sales rep no experience,30,LOW,0.77,5.04
power home remodeling entry level sales rep,40,LOW,0.0,0.0
pre sales work from home jobs,10,MEDIUM,0.0,0.0
progressive inbound sales work from home salary,0,UNSPECIFIED,0.0,0.0
pt sales associate jobs,10,UNSPECIFIED,0.0,0.0
pt sales jobs,110,LOW,0.47,3.407563
regional sales manager work from home,10,UNSPECIFIED,0.0,0.0
remote advertising sales jobs,40,LOW,0.74,3.05
remote enterprise sales jobs,20,LOW,0.9,2.453286
remote hospitality sales jobs,40,LOW,0.07,1.42
remote inside sales manager jobs,10,LOW,0.0,0.0
remote inside sales positions,880,LOW,0.46,2.18
remote inside sales representative jobs,10,LOW,0.85,3.39
remote insurance sales agent jobs,20,LOW,0.0,0.0
remote sales account executive jobs,10,LOW,0.0,0.0
remote sales account manager jobs,20,LOW,0.76,2.46
remote sales and customer service representative,10,UNSPECIFIED,0.0,0.0
remote sales company,30,MEDIUM,1.37,3.8
remote sales consultant job,30,LOW,0.845,2.44
remote salesperson jobs,18100,LOW,0.67,2.86
remote wine sales jobs,20,LOW,0.0,0.0
remote work from home sales,10,LOW,0.86,2.85
remote working sales,20,LOW,0.5,2.45
reservation sales agent work from home,10,LOW,0.0,0.0
reservations sales agent remote,10,LOW,0.74,2.56
retail associate full time,720,LOW,0.79,9.52
retail part time sales associate,10,LOW,0.0,0.0
retail sales assistant part time jobs,10,UNSPECIFIED,0.0,0.0
retail sales associate full time,110,LOW,0.57,22.76
retail sales associate part time jobs,10,LOW,0.0,0.0
retail sales part time jobs,10,LOW,0.0,0.0
retail sales part time lowes,50,LOW,0.0,0.0
retail store associate part time,880,LOW,0.11,3.12
saas sales jobs entry level,30,LOW,0.95,4.19
sales advisor part time,10,LOW,0.0,0.0
sales and marketing entry level,110,LOW,0.21,7.72
sales and marketing internship work from home,0,UNSPECIFIED,0.0,0.0
sales and marketing jobs no experience,10,MEDIUM,0.0,0.0
sales and marketing jobs work from home,10,LOW,0.0,0.0
sales and marketing work from home jobs,10,LOW,0.0,0.0
sales and trading entry level jobs,40,LOW,1.0,5.37
sales assistant jobs part time near me,0,UNSPECIFIED,0.0,0.0
sales assistant part time jobs near me,10,LOW,0.0,0.0
sales assistant part time near me,10,LOW,0.0,0.0
sales assistant temporary jobs,10,UNSPECIFIED,0.0,0.0
sales associate jobs part time near me,10,LOW,0.0,0.0
sales associate no experience,10,LOW,0.24,1.22
sales associate part time jobs near me,260,LOW,0.29,1.48
sales careers from home,1000,LOW,0.22,2.17
sales consultant entry level,40,LOW,0.0,0.0
sales consultant part time,40,LOW,3.17,10.08
sales consultant part time jobs,10,LOW,0.24,1.411315
sales coordinator work from home,10,MEDIUM,0.24,1.05
sales coordinator work from home jobs,10,LOW,0.0,0.0
sales development representative entry level jobs,10,LOW,1.55,5.05
sales development representative work from home,10,MEDIUM,0.0,0.0
sales engineer part time,20,LOW,0.0,0.0
sales executive entry level,30,LOW,0.0,0.0
sales executive jobs work from home,10,UNSPECIFIED,0.0,0.0
sales executive no experience,10,LOW,0.0,0.0
sales executive part time jobs,10,LOW,0.57,1.86
sales executive work from home,10,MEDIUM,0.0,0.0
sales force remote jobs,2400,LOW,0.36,2.38
sales full time,10,LOW,0.0,0.0
sales jobs entry level near me,20,LOW,0.16,4.179999
sales jobs for new graduates,10,MEDIUM,0.86,1.78
sales jobs near me entry level,30,LOW,0.24,3.46
sales jobs part time near me,20,LOW,0.0,0.0
sales jobs wfh,20,LOW,0.22,0.91
sales jobs with flexible hours,10,LOW,0.0,0.0
sales jobs with no degree,320,LOW,0.17,3.04
sales jobs with no experience required,30,LOW,0.33,2.7
sales jobs working remotely,10,LOW,0.0,0.0
sales manager flexible packaging,10,LOW,0.0,0.0
sales manager part time,10,LOW,0.0,0.0
sales manager work from home,20,LOW,0.25,1.56
sales marketing entry level jobs,110,LOW,0.61,4.26
sales no experience required,10,LOW,0.0,0.0
sales operations entry level,20,LOW,0.0,0.0
sales part time remote,10,LOW,0.14,2.089999
sales position no experience,10,LOW,0.0,0.0
sales positions from home,1000,LOW,0.22,2.17
sales progressor jobs work from home,10,UNSPECIFIED,0.0,0.0
sales promoter part time jobs,0,UNSPECIFIED,0.0,0.0
sales remote jobs hiring,10,MEDIUM,0.0,0.0
sales rep no experience,30,LOW,0.38,3.59
sales representative part time jobs,10,LOW,0.0,0.0
sales representative pharmaceutical entry level,50,UNSPECIFIED,0.0,0.0
sales trainee job,110,LOW,1.05,4.38
sales wfh,10,LOW,0.0,0.0
salesforce entry level sales,10,LOW,0.0,0.0
salesforce entry level sales jobs,20,LOW,0.0,0.0
salesman jobs near me part time,170,LOW,0.24,2.39
sell online jobs from home,10,UNSPECIFIED,0.0,0.0
social media sales assistant,10,UNSPECIFIED,0.0,0.0
social media sales rep,320,MEDIUM,2.109895,7.5
social media sales representative jobs,10,UNSPECIFIED,0.0,0.0
software sales entry level jobs,210,LOW,0.3,5.5
solar sales part time jobs,10,UNSPECIFIED,0.0,0.0
staging homes for sale jobs,10,LOW,0.0,0.0
starter sales jobs,50,LOW,0.19,1.72
stay at home sales representative jobs,10,UNSPECIFIED,0.0,0.0
store assistant part time,10,LOW,0.0,0.0
store associate part time,2400,LOW,0.24,3.24
stryker entry level sales jobs,30,LOW,0.12,6.2
telecommute sales jobs,10,LOW,0.0,0.0
telephone sales jobs work from home,20,LOW,0.0,0.0
telesales from home part time,10,UNSPECIFIED,0.0,0.0
temporary retail assistant jobs,10,UNSPECIFIED,0.0,0.0
temporary sales assistant jobs near me,10,UNSPECIFIED,0.0,0.0
temporary sales associate jobs,10,LOW,0.0,0.0
temporary sales jobs near me,10,LOW,0.0,0.0
term time sales jobs,0,UNSPECIFIED,0.0,0.0
top at home sales jobs,10,MEDIUM,0.0,0.0
top work from home sales jobs,10,MEDIUM,0.21,1.57
tql entry level sales jobs,10,LOW,0.0,0.0
uhaul sales and reservations work from home,10,UNSPECIFIED,0.0,0.0
us staffing bench sales work from home,10,UNSPECIFIED,0.0,0.0
vans part time sales associate,10,UNSPECIFIED,0.0,0.0
vector marketing entry level sales,10,LOW,0.0,0.0
virtual outbound sales representative work from home,10,UNSPECIFIED,0.0,0.0
virtual sales work from home,10,UNSPECIFIED,0.0,0.0
wayfair inbound sales agent,10,LOW,0.0,0.0
wfh sales representative,10,LOW,1.14,7.64
work from home advertising sales jobs,10,LOW,0.0,0.0
work from home car sales,20,MEDIUM,0.09,0.73
work from home car sales jobs,10,LOW,0.0,0.0
work from home cruise sales,10,LOW,0.0,0.0
work from home hotel sales jobs,10,LOW,0.0,0.0
work from home inside sales representative jobs,10,UNSPECIFIED,0.0,0.0
work from home jewelry sales,10,LOW,0.0,0.0
work from home jobs for sales and marketing,10,UNSPECIFIED,0.0,0.0
work from home jobs that aren t sales,30,LOW,0.3,1.511997
work from home no sales jobs,20,MEDIUM,0.23,1.266419
work from home outside sales jobs,10,LOW,0.0,0.0
work from home part time sales jobs,70,LOW,0.61,2.3
work from home pharmaceutical sales,10,LOW,0.0,0.0
work from home phone sales jobs,20,LOW,0.0,0.0
work from home reservation sales representative,30,LOW,0.66,2.91
work from home sales and marketing jobs,10,LOW,0.0,0.0
work from home sales associate,10,MEDIUM,0.39,3.4
work from home sales associate jobs,10,LOW,0.0,0.0
work from home sales careers,2900,LOW,0.38,2.48
work from home sales companies,10,LOW,0.0,0.0
work from home sales consultant jobs,10,HIGH,0.0,0.0
work from home sales coordinator jobs,10,LOW,0.0,0.0
work from home sales engineer,10,LOW,0.0,0.0
work from home sales executive,10,UNSPECIFIED,0.0,0.0
work from home sales executive jobs,10,MEDIUM,0.0,0.0
work from home sales jobs $100 k+,0,UNSPECIFIED,0.0,0.0
work from home sales manager jobs,30,LOW,0.16,0.89
work from home sales opportunities,2900,LOW,0.38,2.48
work from home sales part time,10,MEDIUM,0.0,0.0
work from home selling clothes,10,MEDIUM,0.0,0.0
work from home selling jobs,10,UNSPECIFIED,0.0,0.0
work from home selling makeup,10,MEDIUM,0.0,0.0
work from home selling stuff,10,MEDIUM,1.12,2.51
work from home telephone sales jobs,20,LOW,0.0,0.0
work from home vacation sales,10,MEDIUM,0.0,0.0
side gig sales jobs,0,UNSPECIFIED,0.0,0.0
